ID,Unit_serial,Source_commit,Operator,UTC,Instrument/calibration,Measured_result,Evidence_file,Disposition
A01,,,,,,,,NOT TESTED
A02,,,,,,,,NOT TESTED
A03,,,,,,,,NOT TESTED
A04,,,,,,,,NOT TESTED
A05,,,,,,,,NOT TESTED
A06,,,,,,,,NOT TESTED
A07,,,,,,,,NOT TESTED
A08,,,,,,,,NOT TESTED
A09,,,,,,,,NOT TESTED
A10,,,,,,,,NOT TESTED
A11,,,,,,,,NOT TESTED
A12,,,,,,,,NOT TESTED
A13,,,,,,,,NOT TESTED
A14,,,,,,,,NOT TESTED
A15,,,,,,,,NOT TESTED
A16,,,,,,,,NOT TESTED
A17,,,,,,,,NOT TESTED
A18,,,,,,,,NOT TESTED
A19,,,,,,,,NOT TESTED
A20,,,,,,,,NOT TESTED
